,dose,vaccinated,interpolated,extrapolated,group,population
2,2_wait,460906,2,0,all,56286961.0
2,2_wait,336734,1,0,>=80,53374805.49679691
1,2,471635,2,0,all,56286961.0
1,2,337814,1,0,>=80,53374805.49679691
0,1,10519728,2,0,all,56286961.0
0,1,2258346,1,0,>=80,53374805.49679691
